company_name,review_count
UPS,12
Oracle,8
U.S. Bank,4
Tesla,4
Caterpillar,3
BAT,2
Fort Bend ISD,2
WIT Software,2
Verzeo,2
JFQ Lending,2
Frontier,2
OLIVER Agency,2
Vision Solar,2
Florida Blue,1
YouTrip,1
Arzooo,1
AMP Services WA,1
The Run Club,1
Champion Window,1
SearchLab,1
CBI Cyber Security Solutions,1
Haleon,1
Fruition,1
Cohen and Company,1
Lexington Law,1
Metro Systems VA,1
The Menta Group,1
Hallmark Aviation Services,1
Bowlero Corporation,1
Costain,1
Elderwood,1
Koalafi,1
Peninsula Community Health WA,1
Verified First,1
AntWorks,1
Brandywine Senior Living,1
Kipsu,1
Rectangle Health,1
Lytics,1
Digital Media Services,1
Exactech FL,1
Yakima Valley Farm Workers Clinic,1
VNL,1
Crest Data Systems,1
Early Start Australia,1
Fishbowl Solutions,1
3EA,1
Cosmic Strands,1
FaceGym,1
Babylon,1
RICS,1
Blank Rome,1
VMLY and R,1
EBG,1
Cludo,1
IESA,1
4Cats,1
Versalus Health,1
Dia and Co,1
Pursuit Collection,1
GlobalData,1
Palladium,1
Obviously AI,1
Club Tattoo,1
Bluebeam,1
Two s Company,1
Malvi Systems,1
PSA Airlines,1
Leo TechnoSoft,1
Whittier Street Health Center,1
Splunk,1
Alzheimer s Foundation of America,1
YPrime,1
Jackson Health System,1
Grass Valley,1
Custom Ecology,1
Tax Law Office of David W Klasing,1
SCB Group,1
MangoApps,1
Janicki Industries,1
iMobile,1
HHM,1
TechSci Research,1
Information Security Media Group,1
Outreach,1
Westchester Medical Center,1
Aldermore Bank,1
Ingham Retirement Group,1
FIDM,1
Williams Lea,1
Hawkins Cookers Limited,1
Bonaventure Senior Living,1
Amour Vert,1
beBit,1
The World Bank,1
Turbocam International,1
Ziehler Lawn Care,1
Taylor Corporation,1
C2 Education,1
Santander,1
Foundation Academies,1
Airswift,1
Smile Direct Club,1
BFG,1
Oman Air,1
Pabst,1
Preferred Primary Care Physicians,1
BioTrans,1
TandemLaunch,1
Carey Glass,1
Byton,1
smartData Enterprises,1
Artemis Health,1
Digital Surgeons,1
Instrument Pro,1
BlueHalo,1
Dominium,1
San Joaquin Valley College,1
PAN Communications,1
Pathward,1
Praytell Strategy,1
Newsy,1
AVID Advancement Via Individual Determination,1
Geometric Results,1
ThomasArts,1
HORNE LLP,1
BRPH Companies,1
Ink,1
QuisLex,1
1Path,1
Munck Wilson Mandala,1
TOC Logistics International,1
KGP,1
RedEye Apps,1
Helm360,1
PuroClean,1
Newland Chase,1
HFI,1
Camin Cargo Control,1
Recurrent Ventures,1
EventMobi,1
Gertex,1
Department for Work And Pensions,1
Dovenmuehle Mortgage,1
Foster Partners,1
Granite School District,1
Agrace HospiceCare,1
Nolan Transportation Group,1
Washington County Minnesota,1
Incture Technologies,1
REX,1
Adams County Colorado,1
Deck Commerce,1
upGrad,1
JM Wilson,1
WorkBoard,1
eBacon,1
Selecta,1
Master Distributors,1
Fahlgren Mortine,1
Helcim,1
Clarion Events,1
Swvl,1
Scoop News Group,1
Birlasoft,1
Citrin Cooperman,1
New Look,1
DAWSON,1
Northwest Administrators,1
Hammer,1
Emily Hirsh,1
Market America,1
Federal Reserve Bank of Kansas City,1
Banfield Pet Hospital,1
Campspot,1
Ingram Content Group,1
Stalwart Concepts,1
Imminent,1
TimeZoneOne,1
3D Exhibits,1
Tangoe,1
US Pavement Service,1
Aptive Environmental,1
Transfinder,1
Martyn Bassett Associates,1
Cielo,1
LivSmart Authorized ADT Dealer,1
Fashion Retail Academy,1
Novacoast,1
NCS,1
Musiker Discovery Programs,1
Hardesty and Hanover,1
WPG,1
Consulate Health Care,1
Fuel Medical,1
Intertek,1
Professional Sports Publications,1
Loan Simple,1
PARC Retirement Living,1
Openweb Solutions,1
National Arts Council,1
CB4,1
Tradeshift,1
Option Care Health,1
Computer Upgrade King,1
ASB Viagens e Turismo,1
Agent Provocateur,1
Tech USA,1
New American Funding,1
DRT Strategies,1
The Real Deal Inc,1
Capsa Healthcare,1
Aviation Institute Of Maintenance,1
BHIVE Workspace,1
Irdeto,1
MAQUET,1
Lemonlight,1
Chong Seng Consultants,1
Casumo,1
RainFocus,1
Wonder Works Studio,1
Charles River Community Health,1
The Conference Board of Canada,1
The Siegfried Group,1
ANX Home Healthcare,1
Proziod,1
Jackson Dawson,1
HomeLight,1
Oaks Integrated Care,1
Carroll Hospital Center,1
payever,1
Homepoint,1
Viz ai,1
Cambium Learning Group,1
Flytxt,1
Wolin Design Group,1
Ankrom Moisan Architects,1
Albany Medical Center,1
RTX,1
Olin,1
Willson Jones Carter and Baxley,1
FCCI Insurance Group,1
Jack Cooper Transport,1
Integrity Express Logistics,1
City Kids School LA,1
Sundae,1
UL Solutions,1
Global Dimensions,1
Beztak,1
Meeting Tomorrow,1
Planned,1
Oodle Car Finance,1
Baltimore City Community College,1
SAS,1
Mark Spain Real Estate,1
Endurance,1
UpLift CA,1
Abbott,1
Geeks,1
Optanix,1
Mission Health,1
Layer Germany,1
Manhattan Neighborhood Network,1
Ramsey Solutions,1
collect Artificial Intelligence,1
1 800 CONTACTS,1
ERIKS group,1
Adrian A Gaspar and Company,1
GLL,1
Starting Point Behavioral Healthcare,1
Ruby Tuesday,1
Eir,1
Universally Speaking,1
Tecnova India,1
U S Engineering,1
Dental Whale,1
NQC,1
The One Technologies,1
Boston Scientific,1
CallMD,1
Nissha Medical Technologies,1
City of Greeley,1
Phillip Securities,1
Lifetime Financial Growth,1
Camaco,1
YASH Technologies,1
Birch Coffee,1
Low Income Housing Institute,1
Wynshop,1
Washington State Bar Association,1
StepChange Debt Charity,1
Ogletree Deakins Nash Smoak and Stewart P C,1
AgFirst Farm Credit Bank,1
Stanford Health Care,1
Bricoflor,1
Mission Foods,1
Centric Brands,1
World Resources Institute,1
Neo Derm,1
Maxim Healthcare Services,1
Vitalant,1
Piedmont Urgent Care by WellStreet,1
Dimensions International College,1
Sequoia Living,1
ATR International,1
Zenyum,1
TEAM LEWIS,1
Prada USA,1
US Department of Energy,1
SelectQuote,1
Nations Lending Services,1
VFS Global,1
Deployed Resources,1
Ascend Wellness Holdings,1
Elastic Path,1
Curvature,1
Manhattan Associates,1
IMD International Institute for Management Development,1
Peaden,1
Elastic,1
Coulter Partners,1
M247,1
Valencia College,1
Nordia,1
Red Raider Outfitter,1
Allios,1
Arclin,1
WGM Engineering,1
Vitasave,1
AO,1
Avantor,1
Chubb,1
Acora IT Managed Services,1
National Federation of Independent Business,1
Epson Europe,1
Nurtur,1
Appliance Factory and Mattress Kingdom,1
Coles,1
Xebia,1
Precision Diagnostics,1
Hydro Cleansing,1
PatientPoint,1
RapidDeploy,1
The Plum Guide,1
Noah Medical,1
Slice,1
Amey,1
Rogue Fitness,1
Cross Check Quality Inspection,1
Avery Weigh Tronix,1
Innovapptive,1
Miro,1
Everly Health,1
VF,1
Apple,1
Pelmorex Corp,1
SG Digital,1
CTS International,1
Torres Multicultural Communications,1
Digital Factory,1
Automated Systems,1
SouthLight,1
Entrepreneurs Organization,1
W B Mason,1
Taylor and Francis Group,1
Medical Solutions,1
Collibra,1
Carewell Urgent Care,1
Devsu,1
Carbon,1
RiskOptics,1
Michael Bailey Associates,1
Missouri State Auditor s Office,1
Summit Psychological Associates,1
Red Meters,1
Caring com,1
Philadelphia Cricket Club,1
Pursuit,1
Neilson Financial Services,1
DataPath,1
European Commission,1
Delvinia,1
360i,1
Moon Technolabs,1
Auction com,1
Brookfield Asset Management,1
Blount Fine Foods,1
Bizmates,1
BorderLink,1
JumpCrew,1
Your Housing Group,1
ReCept Pharmacy,1
Samsung Electronics America,1
LoanSnap,1
The Bonadio Group,1
Axia Women s Health,1
McGraw Hill,1
Elevate Care,1
Remington College,1
Northland Physical Medicine,1
International Committee of the Red Cross,1
Rothman Institute,1
The Megahair Family,1
GDS Group,1
Guerrero Media,1
FORMS SURFACES,1
Maryville,1
Crossover Health,1
SmartConnect Technologies,1
ReliaQuest,1
Mode5,1
Great Minds,1
Brainscope,1
WellRight,1
Briggs Industrial Solutions,1
Lotus Interworks,1
Walkover Web Solutions,1
DeGolyer and MacNaughton,1
Tilden Preparatory,1
Ellsworth,1
Jushi,1
Integrated Health Information Systems,1
Neo Media World,1
AgreeYa Solutions,1
Legacy FA,1
Goodway Group,1
Community Brands,1
MAP Health Management,1
Children%E2%80%99s Home Society of Florida,1
Intellipaat,1
LEARFIELD,1
CatalystOne Solutions,1
Thales,1
ConAm Group of Companies,1
ValueFirst Digital Media,1
USHEALTH Group,1
Brady,1
Signant Health,1
Yotpo,1
Axiom Real Time Metrics,1
